supplier_id,supplier_name,business_type,food_name,food_category,prepared_qty,sold_qty,surplus_qty,price,waste_qty,created_date,weekday_name,is_weekend,festival_name,is_festival,weather,temperature,demand_score
7933b384-0fba-5867-9d8c-929b61f2acca,Golden Crust Bakery,Restaurants and Cafes,Idli Sambar,Breakfast,107,45,62,55.59,15,2025-04-15,Wednesday,false,,false,Humid,33.1,0.37
26fc9b4e-b524-5657-9a97-52821ba0b606,Saravana Bhavan Outlet,Restaurants and Cafes,Idli Sambar,Breakfast,102,59,43,62.6,9,2025-04-16,Thursday,false,,false,Sunny,31.3,0.53
a6ba8fc6-3fbb-5aae-8512-9345e6825dc7,Spice Route Kitchen,Caterers & Hotels,Vegetable Biryani,Rice,176,56,120,144.2,29,2025-04-17,Friday,false,,false,Humid,30.6,0.42
3e0608b2-84e3-5a64-bed8-c98722b6066c,Madurai Meals Hub,Schools & Institutions,Paneer Fried Rice,Rice,71,34,37,135.28,9,2025-04-18,Saturday,true,,false,Sunny,30.3,0.56
8faf69d6-0238-50f2-bbe7-1345d3a7c4dd,Grand Celebration Hotel,Weddings and Parties,Office Lunch Tray,Meal,723,354,369,121.34,88,2025-04-19,Sunday,true,,false,Humid,32.4,0.55
256ceba6-ddcf-530f-bfa1-c7781a94c5bf,Corporate Catering Solutions,Corporate Offices & Canteens,Office Lunch Tray,Meal,190,86,104,124.15,23,2025-04-20,Monday,false,,false,Overcast,30.3,0.51
31373466-0755-5d73-a853-9f55038c9929,Royal Events Catering,Caterers & Hotels,Paneer Fried Rice,Rice,223,87,136,134.26,31,2025-04-21,Tuesday,false,,false,Humid,31,0.47
7933b384-0fba-5867-9d8c-929b61f2acca,Golden Crust Bakery,Restaurants and Cafes,Corporate Buffet Pack,Meal,110,47,63,400.41,14,2025-04-22,Wednesday,false,,false,Overcast,30.7,0.47
26fc9b4e-b524-5657-9a97-52821ba0b606,Saravana Bhavan Outlet,Restaurants and Cafes,Bread Pack,Bakery,109,37,72,51.64,24,2025-04-23,Thursday,false,,false,Rainy,28.1,0.32
a6ba8fc6-3fbb-5aae-8512-9345e6825dc7,Spice Route Kitchen,Caterers & Hotels,Lemon Rice,Lunch,200,110,90,70.57,21,2025-04-24,Friday,false,,false,Sunny,31.8,0.45
3e0608b2-84e3-5a64-bed8-c98722b6066c,Madurai Meals Hub,Schools & Institutions,Egg Puff,Bakery,87,44,43,31.26,11,2025-04-25,Saturday,true,,false,Humid,30.7,0.51
8faf69d6-0238-50f2-bbe7-1345d3a7c4dd,Grand Celebration Hotel,Weddings and Parties,Paneer Fried Rice,Rice,710,376,334,134.86,75,2025-04-26,Sunday,true,,false,Humid,32.3,0.61
256ceba6-ddcf-530f-bfa1-c7781a94c5bf,Corporate Catering Solutions,Corporate Offices & Canteens,Egg Puff,Bakery,226,131,95,30.12,19,2025-04-27,Monday,false,,false,Overcast,32.1,0.58
31373466-0755-5d73-a853-9f55038c9929,Royal Events Catering,Caterers & Hotels,Curd Rice,Lunch,234,126,108,69.41,25,2025-04-28,Tuesday,false,,false,Cloudy,31.5,0.46
7933b384-0fba-5867-9d8c-929b61f2acca,Golden Crust Bakery,Restaurants and Cafes,Chicken Biryani,Rice,121,44,77,178.51,17,2025-04-29,Wednesday,false,,false,Cloudy,28.5,0.48
26fc9b4e-b524-5657-9a97-52821ba0b606,Saravana Bhavan Outlet,Restaurants and Cafes,Veg Noodles,FastFood,130,61,69,105.13,15,2025-04-30,Thursday,false,,false,Sunny,30.3,0.54
a6ba8fc6-3fbb-5aae-8512-9345e6825dc7,Spice Route Kitchen,Caterers & Hotels,Veg Noodles,FastFood,151,53,98,109.51,23,2025-05-01,Friday,false,,false,Cloudy,30.7,0.42
3e0608b2-84e3-5a64-bed8-c98722b6066c,Madurai Meals Hub,Schools & Institutions,Bread Pack,Bakery,65,37,28,54.18,9,2025-05-02,Saturday,true,,false,Rainy,28.1,0.55
8faf69d6-0238-50f2-bbe7-1345d3a7c4dd,Grand Celebration Hotel,Weddings and Parties,Bread Pack,Bakery,688,447,241,45.48,53,2025-05-03,Sunday,true,,false,Overcast,31.2,0.63
256ceba6-ddcf-530f-bfa1-c7781a94c5bf,Corporate Catering Solutions,Corporate Offices & Canteens,Mutton Curry,Main,206,70,136,275.6,32,2025-05-04,Monday,false,,false,Sunny,29.7,0.42
31373466-0755-5d73-a853-9f55038c9929,Royal Events Catering,Caterers & Hotels,Paneer Fried Rice,Rice,246,116,130,134.46,27,2025-05-05,Tuesday,false,,false,Sunny,30.9,0.55
7933b384-0fba-5867-9d8c-929b61f2acca,Golden Crust Bakery,Restaurants and Cafes,Idli Sambar,Breakfast,81,46,35,56.96,8,2025-05-06,Wednesday,false,,false,Cloudy,30,0.52
26fc9b4e-b524-5657-9a97-52821ba0b606,Saravana Bhavan Outlet,Restaurants and Cafes,Curd Rice,Lunch,88,52,36,68.52,8,2025-05-07,Thursday,false,,false,Sunny,32.2,0.51
a6ba8fc6-3fbb-5aae-8512-9345e6825dc7,Spice Route Kitchen,Caterers & Hotels,Butter Chicken,Main,178,80,98,222.26,19,2025-05-08,Friday,false,,false,Sunny,30,0.6
3e0608b2-84e3-5a64-bed8-c98722b6066c,Madurai Meals Hub,Schools & Institutions,Tandoori Chicken,Main,81,41,40,248.79,9,2025-05-09,Saturday,true,,false,Cloudy,30.6,0.62
8faf69d6-0238-50f2-bbe7-1345d3a7c4dd,Grand Celebration Hotel,Weddings and Parties,Tandoori Chicken,Main,744,402,342,249.61,73,2025-05-10,Sunday,true,,false,Sunny,31.4,0.66
256ceba6-ddcf-530f-bfa1-c7781a94c5bf,Corporate Catering Solutions,Corporate Offices & Canteens,Idli Sambar,Breakfast,215,110,105,62.77,24,2025-05-11,Monday,false,,false,Sunny,30.3,0.46
31373466-0755-5d73-a853-9f55038c9929,Royal Events Catering,Caterers & Hotels,Biryani Mix Platter,Rice,270,81,189,355.05,42,2025-05-12,Tuesday,false,,false,Sunny,29.6,0.48
7933b384-0fba-5867-9d8c-929b61f2acca,Golden Crust Bakery,Restaurants and Cafes,Office Lunch Tray,Meal,126,44,82,115.56,20,2025-05-13,Wednesday,false,,false,Overcast,30.2,0.41
26fc9b4e-b524-5657-9a97-52821ba0b606,Saravana Bhavan Outlet,Restaurants and Cafes,Veg Noodles,FastFood,85,31,54,106.88,13,2025-05-14,Thursday,false,,false,Cloudy,28.5,0.44
a6ba8fc6-3fbb-5aae-8512-9345e6825dc7,Spice Route Kitchen,Caterers & Hotels,Chicken Biryani,Rice,184,83,101,179.76,21,2025-05-15,Friday,false,,false,Sunny,31.4,0.57
3e0608b2-84e3-5a64-bed8-c98722b6066c,Madurai Meals Hub,Schools & Institutions,School Meal Set,Meal,79,49,30,81.58,7,2025-05-16,Saturday,true,,false,Sunny,31.2,0.6
8faf69d6-0238-50f2-bbe7-1345d3a7c4dd,Grand Celebration Hotel,Weddings and Parties,Wedding Sweets Mix,Dessert,689,413,276,173.05,66,2025-05-17,Sunday,true,,false,Overcast,32,0.55
256ceba6-ddcf-530f-bfa1-c7781a94c5bf,Corporate Catering Solutions,Corporate Offices & Canteens,Idli Sambar,Breakfast,226,99,127,65.54,31,2025-05-18,Monday,false,,false,Cloudy,29.8,0.39
31373466-0755-5d73-a853-9f55038c9929,Royal Events Catering,Caterers & Hotels,Wedding Sweets Mix,Dessert,241,147,94,177.68,19,2025-05-19,Tuesday,false,,false,Overcast,32.2,0.56
7933b384-0fba-5867-9d8c-929b61f2acca,Golden Crust Bakery,Restaurants and Cafes,Tandoori Chicken,Main,123,33,90,252.33,29,2025-05-20,Wednesday,false,,false,Rainy,30.2,0.39
26fc9b4e-b524-5657-9a97-52821ba0b606,Saravana Bhavan Outlet,Restaurants and Cafes,Veg Noodles,FastFood,144,32,112,110.11,39,2025-05-21,Thursday,false,,false,Rainy,30,0.29
a6ba8fc6-3fbb-5aae-8512-9345e6825dc7,Spice Route Kitchen,Caterers & Hotels,Egg Puff,Bakery,146,69,77,31.13,17,2025-05-22,Friday,false,,false,Overcast,31.3,0.47
3e0608b2-84e3-5a64-bed8-c98722b6066c,Madurai Meals Hub,Schools & Institutions,Paneer Fried Rice,Rice,82,52,30,130.1,6,2025-05-23,Saturday,true,,false,Overcast,30.6,0.71
8faf69d6-0238-50f2-bbe7-1345d3a7c4dd,Grand Celebration Hotel,Weddings and Parties,Mutton Curry,Main,734,323,411,286.76,101,2025-05-24,Sunday,true,,false,Sunny,30.3,0.52
256ceba6-ddcf-530f-bfa1-c7781a94c5bf,Corporate Catering Solutions,Corporate Offices & Canteens,Wedding Sweets Mix,Dessert,219,123,96,174.12,21,2025-05-25,Monday,false,,false,Cloudy,29.1,0.51
31373466-0755-5d73-a853-9f55038c9929,Royal Events Catering,Caterers & Hotels,Biryani Mix Platter,Rice,217,56,161,355.53,38,2025-05-26,Tuesday,false,,false,Overcast,31.2,0.44
7933b384-0fba-5867-9d8c-929b61f2acca,Golden Crust Bakery,Restaurants and Cafes,Bread Pack,Bakery,64,18,46,47.43,16,2025-05-27,Wednesday,false,,false,Rainy,27.7,0.26
26fc9b4e-b524-5657-9a97-52821ba0b606,Saravana Bhavan Outlet,Restaurants and Cafes,Biryani Mix Platter,Rice,92,33,59,351.98,12,2025-05-28,Thursday,false,,false,Cloudy,29,0.54
a6ba8fc6-3fbb-5aae-8512-9345e6825dc7,Spice Route Kitchen,Caterers & Hotels,Tandoori Chicken,Main,177,51,126,244.57,30,2025-05-29,Friday,false,,false,Humid,33.4,0.41
3e0608b2-84e3-5a64-bed8-c98722b6066c,Madurai Meals Hub,Schools & Institutions,Office Lunch Tray,Meal,58,23,35,116.54,9,2025-05-30,Saturday,true,,false,Cloudy,29.8,0.46
8faf69d6-0238-50f2-bbe7-1345d3a7c4dd,Grand Celebration Hotel,Weddings and Parties,Wedding Sweets Mix,Dessert,736,515,221,183.66,48,2025-05-31,Sunday,true,,false,Humid,27.6,0.65
256ceba6-ddcf-530f-bfa1-c7781a94c5bf,Corporate Catering Solutions,Corporate Offices & Canteens,Office Lunch Tray,Meal,238,124,114,123.85,23,2025-06-01,Monday,false,,false,Sunny,26.6,0.58
31373466-0755-5d73-a853-9f55038c9929,Royal Events Catering,Caterers & Hotels,Butter Chicken,Main,227,95,132,218.88,27,2025-06-02,Tuesday,false,,false,Cloudy,27.3,0.57
7933b384-0fba-5867-9d8c-929b61f2acca,Golden Crust Bakery,Restaurants and Cafes,School Meal Set,Meal,84,35,49,83.88,16,2025-06-03,Wednesday,false,,false,Rainy,24.8,0.4
26fc9b4e-b524-5657-9a97-52821ba0b606,Saravana Bhavan Outlet,Restaurants and Cafes,Idli Sambar,Breakfast,130,57,73,56.85,24,2025-06-04,Thursday,false,,false,Rainy,27,0.39
a6ba8fc6-3fbb-5aae-8512-9345e6825dc7,Spice Route Kitchen,Caterers & Hotels,Paneer Fried Rice,Rice,189,119,70,126.56,12,2025-06-05,Friday,false,,false,Overcast,27.2,0.71
3e0608b2-84e3-5a64-bed8-c98722b6066c,Madurai Meals Hub,Schools & Institutions,Tandoori Chicken,Main,50,27,23,256.47,5,2025-06-06,Saturday,true,,false,Overcast,27.5,0.65
8faf69d6-0238-50f2-bbe7-1345d3a7c4dd,Grand Celebration Hotel,Weddings and Parties,Veg Noodles,FastFood,688,351,337,103.65,105,2025-06-07,Sunday,true,,false,Rainy,26.4,0.58
256ceba6-ddcf-530f-bfa1-c7781a94c5bf,Corporate Catering Solutions,Corporate Offices & Canteens,Paneer Fried Rice,Rice,182,71,111,127.1,25,2025-06-08,Monday,false,,false,Cloudy,27,0.47
31373466-0755-5d73-a853-9f55038c9929,Royal Events Catering,Caterers & Hotels,Chapati Kurma,Dinner,249,117,132,91.18,29,2025-06-09,Tuesday,false,,false,Cloudy,28,0.5
7933b384-0fba-5867-9d8c-929b61f2acca,Golden Crust Bakery,Restaurants and Cafes,Paneer Fried Rice,Rice,74,28,46,126.77,14,2025-06-10,Wednesday,false,,false,Rainy,25.4,0.46
26fc9b4e-b524-5657-9a97-52821ba0b606,Saravana Bhavan Outlet,Restaurants and Cafes,Chapati Kurma,Dinner,134,71,63,92.53,13,2025-06-11,Thursday,false,,false,Sunny,28.4,0.56
a6ba8fc6-3fbb-5aae-8512-9345e6825dc7,Spice Route Kitchen,Caterers & Hotels,Lemon Rice,Lunch,147,97,50,75.99,10,2025-06-12,Friday,false,,false,Humid,27.7,0.56
3e0608b2-84e3-5a64-bed8-c98722b6066c,Madurai Meals Hub,Schools & Institutions,Tandoori Chicken,Main,73,39,34,248.81,10,2025-06-13,Saturday,true,,false,Rainy,26.2,0.65
8faf69d6-0238-50f2-bbe7-1345d3a7c4dd,Grand Celebration Hotel,Weddings and Parties,Butter Chicken,Main,693,305,388,221.53,89,2025-06-14,Sunday,true,,false,Humid,30.1,0.59
256ceba6-ddcf-530f-bfa1-c7781a94c5bf,Corporate Catering Solutions,Corporate Offices & Canteens,Curd Rice,Lunch,184,85,99,72.09,32,2025-06-15,Monday,false,,false,Rainy,27.3,0.38
31373466-0755-5d73-a853-9f55038c9929,Royal Events Catering,Caterers & Hotels,Idli Sambar,Breakfast,256,128,128,59.66,30,2025-06-16,Tuesday,false,,false,Humid,28,0.45
7933b384-0fba-5867-9d8c-929b61f2acca,Golden Crust Bakery,Restaurants and Cafes,Curd Rice,Lunch,77,49,28,75.93,6,2025-06-17,Wednesday,false,,false,Sunny,28.1,0.56
26fc9b4e-b524-5657-9a97-52821ba0b606,Saravana Bhavan Outlet,Restaurants and Cafes,Corporate Buffet Pack,Meal,93,39,54,402.92,17,2025-06-18,Thursday,false,,false,Rainy,25.1,0.46
a6ba8fc6-3fbb-5aae-8512-9345e6825dc7,Spice Route Kitchen,Caterers & Hotels,Vegetable Biryani,Rice,159,80,79,141.98,16,2025-06-19,Friday,false,,false,Cloudy,27.5,0.6
3e0608b2-84e3-5a64-bed8-c98722b6066c,Madurai Meals Hub,Schools & Institutions,Office Lunch Tray,Meal,94,51,43,123.53,10,2025-06-20,Saturday,true,,false,Humid,28.7,0.6
8faf69d6-0238-50f2-bbe7-1345d3a7c4dd,Grand Celebration Hotel,Weddings and Parties,Tandoori Chicken,Main,712,313,399,248.32,94,2025-06-21,Sunday,true,,false,Cloudy,26.6,0.56
256ceba6-ddcf-530f-bfa1-c7781a94c5bf,Corporate Catering Solutions,Corporate Offices & Canteens,Tandoori Chicken,Main,211,87,124,244.14,26,2025-06-22,Monday,false,,false,Humid,29.9,0.53
31373466-0755-5d73-a853-9f55038c9929,Royal Events Catering,Caterers & Hotels,Paneer Fried Rice,Rice,222,124,98,128.05,19,2025-06-23,Tuesday,false,,false,Sunny,29.1,0.64
7933b384-0fba-5867-9d8c-929b61f2acca,Golden Crust Bakery,Restaurants and Cafes,Office Lunch Tray,Meal,126,50,76,117.57,17,2025-06-24,Wednesday,false,,false,Humid,29.5,0.46
26fc9b4e-b524-5657-9a97-52821ba0b606,Saravana Bhavan Outlet,Restaurants and Cafes,Veg Noodles,FastFood,117,51,66,103.35,20,2025-06-25,Thursday,false,,false,Rainy,25.1,0.51
a6ba8fc6-3fbb-5aae-8512-9345e6825dc7,Spice Route Kitchen,Caterers & Hotels,Tandoori Chicken,Main,170,59,111,255.01,25,2025-06-26,Friday,false,,false,Cloudy,27.3,0.47
3e0608b2-84e3-5a64-bed8-c98722b6066c,Madurai Meals Hub,Schools & Institutions,Tandoori Chicken,Main,66,42,24,254.8,5,2025-06-27,Saturday,true,,false,Overcast,27.1,0.75
8faf69d6-0238-50f2-bbe7-1345d3a7c4dd,Grand Celebration Hotel,Weddings and Parties,Mutton Curry,Main,741,534,207,276.85,38,2025-06-28,Sunday,true,,false,Overcast,26.6,0.8
256ceba6-ddcf-530f-bfa1-c7781a94c5bf,Corporate Catering Solutions,Corporate Offices & Canteens,Paneer Fried Rice,Rice,243,117,126,131.54,26,2025-06-29,Monday,false,,false,Sunny,27.4,0.56
31373466-0755-5d73-a853-9f55038c9929,Royal Events Catering,Caterers & Hotels,Idli Sambar,Breakfast,262,178,84,54.34,16,2025-06-30,Tuesday,false,,false,Sunny,28.7,0.63
7933b384-0fba-5867-9d8c-929b61f2acca,Golden Crust Bakery,Restaurants and Cafes,Mutton Curry,Main,59,35,24,285.16,4,2025-07-01,Wednesday,false,,false,Sunny,27.7,0.68
26fc9b4e-b524-5657-9a97-52821ba0b606,Saravana Bhavan Outlet,Restaurants and Cafes,Tandoori Chicken,Main,125,43,82,243.4,19,2025-07-02,Thursday,false,,false,Cloudy,26.5,0.46
a6ba8fc6-3fbb-5aae-8512-9345e6825dc7,Spice Route Kitchen,Caterers & Hotels,Lemon Rice,Lunch,143,93,50,65.67,10,2025-07-03,Friday,false,,false,Sunny,27.1,0.55
3e0608b2-84e3-5a64-bed8-c98722b6066c,Madurai Meals Hub,Schools & Institutions,Corporate Buffet Pack,Meal,62,43,19,395.22,4,2025-07-04,Saturday,true,,false,Sunny,26.5,0.74
8faf69d6-0238-50f2-bbe7-1345d3a7c4dd,Grand Celebration Hotel,Weddings and Parties,Biryani Mix Platter,Rice,742,416,326,354.34,64,2025-07-05,Sunday,true,,false,Sunny,26.6,0.74
256ceba6-ddcf-530f-bfa1-c7781a94c5bf,Corporate Catering Solutions,Corporate Offices & Canteens,Paneer Fried Rice,Rice,181,78,103,135.74,22,2025-07-06,Monday,false,,false,Cloudy,27.1,0.51
31373466-0755-5d73-a853-9f55038c9929,Royal Events Catering,Caterers & Hotels,Egg Puff,Bakery,219,127,92,28.78,19,2025-07-07,Tuesday,false,,false,Cloudy,26.4,0.58
7933b384-0fba-5867-9d8c-929b61f2acca,Golden Crust Bakery,Restaurants and Cafes,School Meal Set,Meal,69,39,30,80.54,6,2025-07-08,Wednesday,false,,false,Overcast,28.5,0.54
26fc9b4e-b524-5657-9a97-52821ba0b606,Saravana Bhavan Outlet,Restaurants and Cafes,Idli Sambar,Breakfast,113,50,63,54.24,20,2025-07-09,Thursday,false,,false,Rainy,27.2,0.39
a6ba8fc6-3fbb-5aae-8512-9345e6825dc7,Spice Route Kitchen,Caterers & Hotels,Chapati Kurma,Dinner,189,95,94,89.71,20,2025-07-10,Friday,false,,false,Sunny,29.3,0.53
3e0608b2-84e3-5a64-bed8-c98722b6066c,Madurai Meals Hub,Schools & Institutions,Mutton Curry,Main,107,65,42,278.08,9,2025-07-11,Saturday,true,,false,Humid,30,0.69
8faf69d6-0238-50f2-bbe7-1345d3a7c4dd,Grand Celebration Hotel,Weddings and Parties,Veg Noodles,FastFood,703,422,281,105.58,60,2025-07-12,Sunday,true,,false,Humid,27.9,0.67
256ceba6-ddcf-530f-bfa1-c7781a94c5bf,Corporate Catering Solutions,Corporate Offices & Canteens,Tandoori Chicken,Main,222,100,122,255.05,25,2025-07-13,Monday,false,,false,Humid,28.2,0.57
31373466-0755-5d73-a853-9f55038c9929,Royal Events Catering,Caterers & Hotels,Idli Sambar,Breakfast,221,155,66,63.23,12,2025-07-14,Tuesday,false,,false,Cloudy,27.1,0.65
7933b384-0fba-5867-9d8c-929b61f2acca,Golden Crust Bakery,Restaurants and Cafes,Tandoori Chicken,Main,90,46,44,244.81,8,2025-07-15,Wednesday,false,,false,Overcast,28.2,0.63
26fc9b4e-b524-5657-9a97-52821ba0b606,Saravana Bhavan Outlet,Restaurants and Cafes,Lemon Rice,Lunch,143,114,29,67.99,5,2025-07-16,Thursday,false,,false,Overcast,29,0.7
a6ba8fc6-3fbb-5aae-8512-9345e6825dc7,Spice Route Kitchen,Caterers & Hotels,Biryani Mix Platter,Rice,167,68,99,351.87,20,2025-07-17,Friday,false,,false,Humid,30.2,0.59
3e0608b2-84e3-5a64-bed8-c98722b6066c,Madurai Meals Hub,Schools & Institutions,Curd Rice,Lunch,66,49,17,78.8,4,2025-07-18,Saturday,true,,false,Cloudy,28.1,0.66
8faf69d6-0238-50f2-bbe7-1345d3a7c4dd,Grand Celebration Hotel,Weddings and Parties,Office Lunch Tray,Meal,698,517,181,125.76,33,2025-07-19,Sunday,true,,false,Overcast,27.2,0.8
256ceba6-ddcf-530f-bfa1-c7781a94c5bf,Corporate Catering Solutions,Corporate Offices & Canteens,Lemon Rice,Lunch,225,128,97,75.26,30,2025-07-20,Monday,false,,false,Rainy,25.2,0.47
31373466-0755-5d73-a853-9f55038c9929,Royal Events Catering,Caterers & Hotels,Office Lunch Tray,Meal,209,98,111,119.5,24,2025-07-21,Tuesday,false,,false,Overcast,27.8,0.53
7933b384-0fba-5867-9d8c-929b61f2acca,Golden Crust Bakery,Restaurants and Cafes,Bread Pack,Bakery,118,78,40,44.52,8,2025-07-22,Wednesday,false,,false,Sunny,26.7,0.64
26fc9b4e-b524-5657-9a97-52821ba0b606,Saravana Bhavan Outlet,Restaurants and Cafes,School Meal Set,Meal,115,64,51,80.32,11,2025-07-23,Thursday,false,,false,Humid,28.5,0.54
a6ba8fc6-3fbb-5aae-8512-9345e6825dc7,Spice Route Kitchen,Caterers & Hotels,Mutton Curry,Main,197,79,118,280.67,26,2025-07-24,Friday,false,,false,Cloudy,27.5,0.48
3e0608b2-84e3-5a64-bed8-c98722b6066c,Madurai Meals Hub,Schools & Institutions,Curd Rice,Lunch,99,87,12,70.88,2,2025-07-25,Saturday,true,,false,Overcast,26.6,0.8
8faf69d6-0238-50f2-bbe7-1345d3a7c4dd,Grand Celebration Hotel,Weddings and Parties,Egg Puff,Bakery,682,552,130,40.05,24,2025-07-26,Sunday,true,,false,Overcast,26.8,0.81
256ceba6-ddcf-530f-bfa1-c7781a94c5bf,Corporate Catering Solutions,Corporate Offices & Canteens,Lemon Rice,Lunch,196,123,73,67.08,16,2025-07-27,Monday,false,,false,Overcast,28,0.53
31373466-0755-5d73-a853-9f55038c9929,Royal Events Catering,Caterers & Hotels,Vegetable Biryani,Rice,266,138,128,146.3,25,2025-07-28,Tuesday,false,,false,Humid,27.9,0.62
7933b384-0fba-5867-9d8c-929b61f2acca,Golden Crust Bakery,Restaurants and Cafes,Curd Rice,Lunch,118,90,28,71.38,5,2025-07-29,Wednesday,false,,false,Overcast,27.6,0.68
26fc9b4e-b524-5657-9a97-52821ba0b606,Saravana Bhavan Outlet,Restaurants and Cafes,Office Lunch Tray,Meal,108,63,45,124.3,9,2025-07-30,Thursday,false,,false,Cloudy,27.1,0.64
a6ba8fc6-3fbb-5aae-8512-9345e6825dc7,Spice Route Kitchen,Caterers & Hotels,Veg Noodles,FastFood,168,89,79,116.54,16,2025-07-31,Friday,false,,false,Cloudy,26.2,0.6
3e0608b2-84e3-5a64-bed8-c98722b6066c,Madurai Meals Hub,Schools & Institutions,Curd Rice,Lunch,101,89,12,73.03,2,2025-08-01,Saturday,true,,false,Overcast,29.2,0.8
8faf69d6-0238-50f2-bbe7-1345d3a7c4dd,Grand Celebration Hotel,Weddings and Parties,Veg Noodles,FastFood,705,338,367,114.11,117,2025-08-02,Sunday,true,,false,Rainy,25.8,0.55
256ceba6-ddcf-530f-bfa1-c7781a94c5bf,Corporate Catering Solutions,Corporate Offices & Canteens,Bread Pack,Bakery,204,147,57,54.17,10,2025-08-03,Monday,false,,false,Overcast,29.1,0.7
31373466-0755-5d73-a853-9f55038c9929,Royal Events Catering,Caterers & Hotels,Chicken Biryani,Rice,269,113,156,185.85,33,2025-08-04,Tuesday,false,,false,Overcast,27,0.54
7933b384-0fba-5867-9d8c-929b61f2acca,Golden Crust Bakery,Restaurants and Cafes,Corporate Buffet Pack,Meal,106,42,64,406.71,20,2025-08-05,Wednesday,false,,false,Rainy,25.3,0.44
26fc9b4e-b524-5657-9a97-52821ba0b606,Saravana Bhavan Outlet,Restaurants and Cafes,School Meal Set,Meal,140,90,50,84.52,10,2025-08-06,Thursday,false,,false,Sunny,29.5,0.62
a6ba8fc6-3fbb-5aae-8512-9345e6825dc7,Spice Route Kitchen,Caterers & Hotels,Chapati Kurma,Dinner,195,96,99,92.51,21,2025-08-07,Friday,false,,false,Sunny,27.3,0.52
3e0608b2-84e3-5a64-bed8-c98722b6066c,Madurai Meals Hub,Schools & Institutions,Chapati Kurma,Dinner,43,26,17,84.3,4,2025-08-08,Saturday,true,,false,Overcast,27.7,0.64
8faf69d6-0238-50f2-bbe7-1345d3a7c4dd,Grand Celebration Hotel,Weddings and Parties,Chapati Kurma,Dinner,734,455,279,90.67,83,2025-08-09,Sunday,true,,false,Rainy,26.1,0.65
256ceba6-ddcf-530f-bfa1-c7781a94c5bf,Corporate Catering Solutions,Corporate Offices & Canteens,Bread Pack,Bakery,193,95,98,49.96,30,2025-08-10,Monday,false,,false,Rainy,27.2,0.47
31373466-0755-5d73-a853-9f55038c9929,Royal Events Catering,Caterers & Hotels,Tandoori Chicken,Main,251,146,105,254.76,18,2025-08-11,Tuesday,false,,false,Sunny,28.4,0.7
7933b384-0fba-5867-9d8c-929b61f2acca,Golden Crust Bakery,Restaurants and Cafes,Wedding Sweets Mix,Dessert,113,78,35,182.56,7,2025-08-12,Wednesday,false,,false,Sunny,27.2,0.64
26fc9b4e-b524-5657-9a97-52821ba0b606,Saravana Bhavan Outlet,Restaurants and Cafes,Veg Noodles,FastFood,122,54,68,108.59,20,2025-08-13,Thursday,false,,false,Rainy,25.5,0.51
a6ba8fc6-3fbb-5aae-8512-9345e6825dc7,Spice Route Kitchen,Caterers & Hotels,Vegetable Biryani,Rice,205,121,84,136.47,15,2025-08-14,Friday,false,,false,Overcast,27.5,0.69
3e0608b2-84e3-5a64-bed8-c98722b6066c,Madurai Meals Hub,Schools & Institutions,Corporate Buffet Pack,Meal,38,26,12,404.42,2,2025-08-15,Saturday,true,,false,Sunny,27.4,0.73
8faf69d6-0238-50f2-bbe7-1345d3a7c4dd,Grand Celebration Hotel,Weddings and Parties,Paneer Fried Rice,Rice,694,278,416,130.48,139,2025-08-16,Sunday,true,,false,Rainy,26.5,0.48
256ceba6-ddcf-530f-bfa1-c7781a94c5bf,Corporate Catering Solutions,Corporate Offices & Canteens,Corporate Buffet Pack,Meal,183,79,104,400.22,24,2025-08-17,Monday,false,,false,Cloudy,28.4,0.47
31373466-0755-5d73-a853-9f55038c9929,Royal Events Catering,Caterers & Hotels,Butter Chicken,Main,213,119,94,224.94,16,2025-08-18,Tuesday,false,,false,Sunny,28.1,0.71
7933b384-0fba-5867-9d8c-929b61f2acca,Golden Crust Bakery,Restaurants and Cafes,Wedding Sweets Mix,Dessert,85,45,40,175.54,9,2025-08-19,Wednesday,false,,false,Cloudy,26.5,0.48
26fc9b4e-b524-5657-9a97-52821ba0b606,Saravana Bhavan Outlet,Restaurants and Cafes,Corporate Buffet Pack,Meal,148,56,92,401.56,29,2025-08-20,Thursday,false,,false,Rainy,25.9,0.42
a6ba8fc6-3fbb-5aae-8512-9345e6825dc7,Spice Route Kitchen,Caterers & Hotels,Curd Rice,Lunch,168,81,87,75.79,28,2025-08-21,Friday,false,,false,Rainy,26.9,0.4
3e0608b2-84e3-5a64-bed8-c98722b6066c,Madurai Meals Hub,Schools & Institutions,Office Lunch Tray,Meal,105,51,54,119.94,13,2025-08-22,Saturday,true,,false,Humid,28.6,0.55
8faf69d6-0238-50f2-bbe7-1345d3a7c4dd,Grand Celebration Hotel,Weddings and Parties,Idli Sambar,Breakfast,749,539,210,63.89,45,2025-08-23,Sunday,true,,false,Cloudy,28.2,0.67
256ceba6-ddcf-530f-bfa1-c7781a94c5bf,Corporate Catering Solutions,Corporate Offices & Canteens,Office Lunch Tray,Meal,192,94,98,115.03,28,2025-08-24,Monday,false,,false,Rainy,27.2,0.55
31373466-0755-5d73-a853-9f55038c9929,Royal Events Catering,Caterers & Hotels,Vegetable Biryani,Rice,225,119,106,136.7,20,2025-08-25,Tuesday,false,,false,Cloudy,28.5,0.63
7933b384-0fba-5867-9d8c-929b61f2acca,Golden Crust Bakery,Restaurants and Cafes,Butter Chicken,Main,65,23,42,213.97,9,2025-08-26,Wednesday,false,,false,Cloudy,28.2,0.5
26fc9b4e-b524-5657-9a97-52821ba0b606,Saravana Bhavan Outlet,Restaurants and Cafes,Butter Chicken,Main,117,32,85,221,27,2025-08-27,Thursday,false,,false,Rainy,25.5,0.42
a6ba8fc6-3fbb-5aae-8512-9345e6825dc7,Spice Route Kitchen,Caterers & Hotels,Lemon Rice,Lunch,143,96,47,76.29,10,2025-08-28,Friday,false,,false,Sunny,29.4,0.57
3e0608b2-84e3-5a64-bed8-c98722b6066c,Madurai Meals Hub,Schools & Institutions,Idli Sambar,Breakfast,90,57,33,62.36,8,2025-08-29,Saturday,true,,false,Humid,30.4,0.58
8faf69d6-0238-50f2-bbe7-1345d3a7c4dd,Grand Celebration Hotel,Weddings and Parties,Butter Chicken,Main,736,412,324,225.62,66,2025-08-30,Sunday,true,,false,Overcast,28.7,0.71
256ceba6-ddcf-530f-bfa1-c7781a94c5bf,Corporate Catering Solutions,Corporate Offices & Canteens,Office Lunch Tray,Meal,203,99,104,115.08,22,2025-08-31,Monday,false,,false,Sunny,29.6,0.55
31373466-0755-5d73-a853-9f55038c9929,Royal Events Catering,Caterers & Hotels,Veg Noodles,FastFood,255,115,140,111.63,30,2025-09-01,Tuesday,false,,false,Cloudy,27.9,0.52
7933b384-0fba-5867-9d8c-929b61f2acca,Golden Crust Bakery,Restaurants and Cafes,Bread Pack,Bakery,122,66,56,43.1,12,2025-09-02,Wednesday,false,,false,Cloudy,29.7,0.52
26fc9b4e-b524-5657-9a97-52821ba0b606,Saravana Bhavan Outlet,Restaurants and Cafes,Curd Rice,Lunch,132,94,38,71.5,7,2025-09-03,Thursday,false,,false,Overcast,30.9,0.63
a6ba8fc6-3fbb-5aae-8512-9345e6825dc7,Spice Route Kitchen,Caterers & Hotels,Corporate Buffet Pack,Meal,190,108,82,394.86,16,2025-09-04,Friday,false,,false,Humid,32.2,0.61
3e0608b2-84e3-5a64-bed8-c98722b6066c,Madurai Meals Hub,Schools & Institutions,Idli Sambar,Breakfast,45,26,19,64.18,6,2025-09-05,Saturday,true,,false,Rainy,26.6,0.52
8faf69d6-0238-50f2-bbe7-1345d3a7c4dd,Grand Celebration Hotel,Weddings and Parties,Paneer Fried Rice,Rice,716,351,365,125.11,115,2025-09-06,Sunday,true,,false,Rainy,28.6,0.57
256ceba6-ddcf-530f-bfa1-c7781a94c5bf,Corporate Catering Solutions,Corporate Offices & Canteens,Idli Sambar,Breakfast,201,121,80,60.75,17,2025-09-07,Monday,false,,false,Sunny,28.9,0.55
31373466-0755-5d73-a853-9f55038c9929,Royal Events Catering,Caterers & Hotels,Biryani Mix Platter,Rice,208,67,141,356.71,31,2025-09-08,Tuesday,false,,false,Humid,31.8,0.5
7933b384-0fba-5867-9d8c-929b61f2acca,Golden Crust Bakery,Restaurants and Cafes,Bread Pack,Bakery,65,32,33,47.53,7,2025-09-09,Wednesday,false,,false,Humid,30.3,0.47
26fc9b4e-b524-5657-9a97-52821ba0b606,Saravana Bhavan Outlet,Restaurants and Cafes,Idli Sambar,Breakfast,86,50,36,55.83,8,2025-09-10,Thursday,false,,false,Humid,29.9,0.53
a6ba8fc6-3fbb-5aae-8512-9345e6825dc7,Spice Route Kitchen,Caterers & Hotels,Curd Rice,Lunch,146,93,53,70.76,11,2025-09-11,Friday,false,,false,Overcast,28.6,0.56
3e0608b2-84e3-5a64-bed8-c98722b6066c,Madurai Meals Hub,Schools & Institutions,Paneer Fried Rice,Rice,57,22,35,124.07,12,2025-09-12,Saturday,true,,false,Rainy,27.6,0.47
8faf69d6-0238-50f2-bbe7-1345d3a7c4dd,Grand Celebration Hotel,Weddings and Parties,Chapati Kurma,Dinner,698,524,174,95.18,33,2025-09-13,Sunday,true,,false,Overcast,31.2,0.78
256ceba6-ddcf-530f-bfa1-c7781a94c5bf,Corporate Catering Solutions,Corporate Offices & Canteens,Veg Noodles,FastFood,181,110,71,104.69,13,2025-09-14,Monday,false,,false,Sunny,30,0.68
31373466-0755-5d73-a853-9f55038c9929,Royal Events Catering,Caterers & Hotels,Paneer Fried Rice,Rice,243,87,156,135.22,36,2025-09-15,Tuesday,false,,false,Cloudy,30.4,0.44
7933b384-0fba-5867-9d8c-929b61f2acca,Golden Crust Bakery,Restaurants and Cafes,Chicken Biryani,Rice,97,20,77,175.39,26,2025-09-16,Wednesday,false,,false,Rainy,29.3,0.33
26fc9b4e-b524-5657-9a97-52821ba0b606,Saravana Bhavan Outlet,Restaurants and Cafes,Butter Chicken,Main,88,25,63,219.38,15,2025-09-17,Thursday,false,,false,Humid,29.9,0.43
a6ba8fc6-3fbb-5aae-8512-9345e6825dc7,Spice Route Kitchen,Caterers & Hotels,Curd Rice,Lunch,167,112,55,75.92,11,2025-09-18,Friday,false,,false,Cloudy,28.6,0.59
3e0608b2-84e3-5a64-bed8-c98722b6066c,Madurai Meals Hub,Schools & Institutions,Bread Pack,Bakery,48,34,14,54.9,3,2025-09-19,Saturday,true,,false,Overcast,31.3,0.68
8faf69d6-0238-50f2-bbe7-1345d3a7c4dd,Grand Celebration Hotel,Weddings and Parties,Butter Chicken,Main,692,381,311,220.77,64,2025-09-20,Sunday,true,,false,Overcast,31.3,0.7
256ceba6-ddcf-530f-bfa1-c7781a94c5bf,Corporate Catering Solutions,Corporate Offices & Canteens,Chicken Biryani,Rice,183,60,123,174.83,38,2025-09-21,Monday,false,,false,Rainy,29.2,0.45
31373466-0755-5d73-a853-9f55038c9929,Royal Events Catering,Caterers & Hotels,Paneer Fried Rice,Rice,271,119,152,129.98,33,2025-09-22,Tuesday,false,,false,Overcast,29.2,0.52
7933b384-0fba-5867-9d8c-929b61f2acca,Golden Crust Bakery,Restaurants and Cafes,Chapati Kurma,Dinner,76,37,39,91.11,8,2025-09-23,Wednesday,false,,false,Cloudy,30.3,0.52
26fc9b4e-b524-5657-9a97-52821ba0b606,Saravana Bhavan Outlet,Restaurants and Cafes,Vegetable Biryani,Rice,109,47,62,134.61,13,2025-09-24,Thursday,false,,false,Sunny,29.4,0.53
a6ba8fc6-3fbb-5aae-8512-9345e6825dc7,Spice Route Kitchen,Caterers & Hotels,Butter Chicken,Main,139,74,65,213.55,12,2025-09-25,Friday,false,,false,Overcast,30.2,0.68
3e0608b2-84e3-5a64-bed8-c98722b6066c,Madurai Meals Hub,Schools & Institutions,Office Lunch Tray,Meal,106,53,53,113.33,13,2025-09-26,Saturday,true,,false,Cloudy,30.1,0.56
8faf69d6-0238-50f2-bbe7-1345d3a7c4dd,Grand Celebration Hotel,Weddings and Parties,Wedding Sweets Mix,Dessert,685,514,171,182.62,35,2025-09-27,Sunday,true,,false,Sunny,30.7,0.7
256ceba6-ddcf-530f-bfa1-c7781a94c5bf,Corporate Catering Solutions,Corporate Offices & Canteens,School Meal Set,Meal,243,131,112,75.98,24,2025-09-28,Monday,false,,false,Sunny,28.9,0.52
31373466-0755-5d73-a853-9f55038c9929,Royal Events Catering,Caterers & Hotels,Biryani Mix Platter,Rice,205,90,115,347.47,22,2025-09-29,Tuesday,false,,false,Sunny,31.3,0.62
7933b384-0fba-5867-9d8c-929b61f2acca,Golden Crust Bakery,Restaurants and Cafes,Vegetable Biryani,Rice,57,30,27,139.44,5,2025-09-30,Wednesday,false,,false,Overcast,30.9,0.63
26fc9b4e-b524-5657-9a97-52821ba0b606,Saravana Bhavan Outlet,Restaurants and Cafes,Bread Pack,Bakery,132,66,66,44.21,20,2025-10-01,Thursday,false,,false,Rainy,28.4,0.48
a6ba8fc6-3fbb-5aae-8512-9345e6825dc7,Spice Route Kitchen,Caterers & Hotels,Paneer Fried Rice,Rice,197,98,99,126.31,28,2025-10-02,Friday,false,,false,Rainy,27.4,0.58
3e0608b2-84e3-5a64-bed8-c98722b6066c,Madurai Meals Hub,Schools & Institutions,Mutton Curry,Main,52,29,23,276.78,5,2025-10-03,Saturday,true,,false,Humid,32.1,0.64
8faf69d6-0238-50f2-bbe7-1345d3a7c4dd,Grand Celebration Hotel,Weddings and Parties,Chicken Biryani,Rice,687,350,337,180.36,102,2025-10-04,Sunday,true,,false,Rainy,27.1,0.63
256ceba6-ddcf-530f-bfa1-c7781a94c5bf,Corporate Catering Solutions,Corporate Offices & Canteens,Chapati Kurma,Dinner,238,167,71,84.28,12,2025-10-05,Monday,false,,false,Overcast,31.4,0.73
31373466-0755-5d73-a853-9f55038c9929,Royal Events Catering,Caterers & Hotels,Corporate Buffet Pack,Meal,219,114,105,394.26,30,2025-10-06,Tuesday,false,,false,Rainy,26.5,0.56
7933b384-0fba-5867-9d8c-929b61f2acca,Golden Crust Bakery,Restaurants and Cafes,Corporate Buffet Pack,Meal,107,57,50,398.85,14,2025-10-07,Wednesday,false,,false,Rainy,27.2,0.57
26fc9b4e-b524-5657-9a97-52821ba0b606,Saravana Bhavan Outlet,Restaurants and Cafes,Chapati Kurma,Dinner,128,49,79,94.06,25,2025-10-08,Thursday,false,,false,Rainy,28.2,0.41
a6ba8fc6-3fbb-5aae-8512-9345e6825dc7,Spice Route Kitchen,Caterers & Hotels,Vegetable Biryani,Rice,198,91,107,141.58,22,2025-10-09,Friday,false,,false,Cloudy,29.7,0.56
3e0608b2-84e3-5a64-bed8-c98722b6066c,Madurai Meals Hub,Schools & Institutions,Butter Chicken,Main,82,43,39,217.34,8,2025-10-10,Saturday,true,,false,Humid,32.3,0.67
8faf69d6-0238-50f2-bbe7-1345d3a7c4dd,Grand Celebration Hotel,Weddings and Parties,Curd Rice,Lunch,702,597,105,68.48,20,2025-10-11,Sunday,true,,false,Cloudy,29,0.77
256ceba6-ddcf-530f-bfa1-c7781a94c5bf,Corporate Catering Solutions,Corporate Offices & Canteens,Chicken Biryani,Rice,197,99,98,182.69,19,2025-10-12,Monday,false,,false,Overcast,29.6,0.62
31373466-0755-5d73-a853-9f55038c9929,Royal Events Catering,Caterers & Hotels,Chapati Kurma,Dinner,231,122,109,84.99,23,2025-10-13,Tuesday,false,,false,Overcast,29.6,0.56
7933b384-0fba-5867-9d8c-929b61f2acca,Golden Crust Bakery,Restaurants and Cafes,Paneer Fried Rice,Rice,62,22,40,128.14,13,2025-10-14,Wednesday,false,,false,Rainy,28.9,0.44
26fc9b4e-b524-5657-9a97-52821ba0b606,Saravana Bhavan Outlet,Restaurants and Cafes,Lemon Rice,Lunch,138,88,50,67.26,11,2025-10-15,Thursday,false,,false,Cloudy,29,0.54
a6ba8fc6-3fbb-5aae-8512-9345e6825dc7,Spice Route Kitchen,Caterers & Hotels,Paneer Fried Rice,Rice,155,76,79,132.85,16,2025-10-16,Friday,false,,false,Overcast,29.3,0.57
3e0608b2-84e3-5a64-bed8-c98722b6066c,Madurai Meals Hub,Schools & Institutions,Curd Rice,Lunch,80,62,18,70.33,4,2025-10-17,Saturday,true,,false,Cloudy,27.6,0.69
8faf69d6-0238-50f2-bbe7-1345d3a7c4dd,Grand Celebration Hotel,Weddings and Parties,Paneer Fried Rice,Rice,722,440,282,124.33,59,2025-10-18,Sunday,true,,false,Humid,29.7,0.69
256ceba6-ddcf-530f-bfa1-c7781a94c5bf,Corporate Catering Solutions,Corporate Offices & Canteens,School Meal Set,Meal,206,144,62,83.35,11,2025-10-19,Monday,false,,false,Overcast,29.3,0.68
31373466-0755-5d73-a853-9f55038c9929,Royal Events Catering,Caterers & Hotels,Bread Pack,Bakery,571,423,148,49.41,48,2025-10-20,Tuesday,false,Diwali,true,Rainy,27.7,0.72
7933b384-0fba-5867-9d8c-929b61f2acca,Golden Crust Bakery,Restaurants and Cafes,Chicken Biryani,Rice,98,46,52,177.59,10,2025-10-21,Wednesday,false,,false,Overcast,30.1,0.59
26fc9b4e-b524-5657-9a97-52821ba0b606,Saravana Bhavan Outlet,Restaurants and Cafes,Lemon Rice,Lunch,105,69,36,72.02,10,2025-10-22,Thursday,false,,false,Rainy,27.2,0.56
a6ba8fc6-3fbb-5aae-8512-9345e6825dc7,Spice Route Kitchen,Caterers & Hotels,Biryani Mix Platter,Rice,143,66,77,356.73,15,2025-10-23,Friday,false,,false,Overcast,29.3,0.64
3e0608b2-84e3-5a64-bed8-c98722b6066c,Madurai Meals Hub,Schools & Institutions,Paneer Fried Rice,Rice,67,51,16,127.78,3,2025-10-24,Saturday,true,,false,Sunny,31.3,0.84
8faf69d6-0238-50f2-bbe7-1345d3a7c4dd,Grand Celebration Hotel,Weddings and Parties,Bread Pack,Bakery,716,587,129,47.06,24,2025-10-25,Sunday,true,,false,Overcast,31.1,0.8
256ceba6-ddcf-530f-bfa1-c7781a94c5bf,Corporate Catering Solutions,Corporate Offices & Canteens,Veg Noodles,FastFood,204,118,86,109.99,16,2025-10-26,Monday,false,,false,Sunny,30.7,0.65
31373466-0755-5d73-a853-9f55038c9929,Royal Events Catering,Caterers & Hotels,Egg Puff,Bakery,264,127,137,33.8,42,2025-10-27,Tuesday,false,,false,Rainy,26.9,0.48
7933b384-0fba-5867-9d8c-929b61f2acca,Golden Crust Bakery,Restaurants and Cafes,Office Lunch Tray,Meal,75,38,37,113.65,8,2025-10-28,Wednesday,false,,false,Cloudy,29.1,0.56
26fc9b4e-b524-5657-9a97-52821ba0b606,Saravana Bhavan Outlet,Restaurants and Cafes,Paneer Fried Rice,Rice,117,50,67,134.99,15,2025-10-29,Thursday,false,,false,Cloudy,29,0.51
a6ba8fc6-3fbb-5aae-8512-9345e6825dc7,Spice Route Kitchen,Caterers & Hotels,Chapati Kurma,Dinner,142,60,82,83.77,26,2025-10-30,Friday,false,,false,Rainy,28.6,0.45
3e0608b2-84e3-5a64-bed8-c98722b6066c,Madurai Meals Hub,Schools & Institutions,Curd Rice,Lunch,66,57,9,75.05,2,2025-10-31,Saturday,true,,false,Sunny,25.8,0.79
8faf69d6-0238-50f2-bbe7-1345d3a7c4dd,Grand Celebration Hotel,Weddings and Parties,Chicken Biryani,Rice,722,520,202,180.48,35,2025-11-01,Sunday,true,,false,Sunny,27.2,0.84
256ceba6-ddcf-530f-bfa1-c7781a94c5bf,Corporate Catering Solutions,Corporate Offices & Canteens,Curd Rice,Lunch,182,137,45,70.25,8,2025-11-02,Monday,false,,false,Cloudy,26,0.67
31373466-0755-5d73-a853-9f55038c9929,Royal Events Catering,Caterers & Hotels,Tandoori Chicken,Main,270,143,127,252.15,24,2025-11-03,Tuesday,false,,false,Sunny,24.7,0.65
7933b384-0fba-5867-9d8c-929b61f2acca,Golden Crust Bakery,Restaurants and Cafes,Vegetable Biryani,Rice,67,29,38,134.7,11,2025-11-04,Wednesday,false,,false,Rainy,22.6,0.53
26fc9b4e-b524-5657-9a97-52821ba0b606,Saravana Bhavan Outlet,Restaurants and Cafes,Veg Noodles,FastFood,129,70,59,112.7,12,2025-11-05,Thursday,false,,false,Overcast,26.9,0.61
a6ba8fc6-3fbb-5aae-8512-9345e6825dc7,Spice Route Kitchen,Caterers & Hotels,Bread Pack,Bakery,177,94,83,44.97,18,2025-11-06,Friday,false,,false,Humid,26.9,0.51
3e0608b2-84e3-5a64-bed8-c98722b6066c,Madurai Meals Hub,Schools & Institutions,Mutton Curry,Main,67,44,23,274.54,5,2025-11-07,Saturday,true,,false,Overcast,25.1,0.73
8faf69d6-0238-50f2-bbe7-1345d3a7c4dd,Grand Celebration Hotel,Weddings and Parties,Wedding Sweets Mix,Dessert,740,525,215,180.39,46,2025-11-08,Sunday,true,,false,Cloudy,26,0.66
256ceba6-ddcf-530f-bfa1-c7781a94c5bf,Corporate Catering Solutions,Corporate Offices & Canteens,Wedding Sweets Mix,Dessert,193,95,98,176.28,31,2025-11-09,Monday,false,,false,Rainy,24.4,0.44
31373466-0755-5d73-a853-9f55038c9929,Royal Events Catering,Caterers & Hotels,Egg Puff,Bakery,240,163,77,34.4,14,2025-11-10,Tuesday,false,,false,Overcast,25,0.68
7933b384-0fba-5867-9d8c-929b61f2acca,Golden Crust Bakery,Restaurants and Cafes,Chicken Biryani,Rice,119,51,68,183.26,14,2025-11-11,Wednesday,false,,false,Humid,27.7,0.55
26fc9b4e-b524-5657-9a97-52821ba0b606,Saravana Bhavan Outlet,Restaurants and Cafes,Veg Noodles,FastFood,94,60,34,105.71,6,2025-11-12,Thursday,false,,false,Sunny,25,0.71
a6ba8fc6-3fbb-5aae-8512-9345e6825dc7,Spice Route Kitchen,Caterers & Hotels,Butter Chicken,Main,181,107,74,217.35,12,2025-11-13,Friday,false,,false,Overcast,25.3,0.74
3e0608b2-84e3-5a64-bed8-c98722b6066c,Madurai Meals Hub,Schools & Institutions,Chapati Kurma,Dinner,41,27,14,89.76,3,2025-11-14,Saturday,true,,false,Sunny,25.2,0.68
8faf69d6-0238-50f2-bbe7-1345d3a7c4dd,Grand Celebration Hotel,Weddings and Parties,Vegetable Biryani,Rice,702,309,393,141.29,126,2025-11-15,Sunday,true,,false,Rainy,25.4,0.54
256ceba6-ddcf-530f-bfa1-c7781a94c5bf,Corporate Catering Solutions,Corporate Offices & Canteens,Mutton Curry,Main,179,84,95,283.71,20,2025-11-16,Monday,false,,false,Cloudy,24.9,0.55
31373466-0755-5d73-a853-9f55038c9929,Royal Events Catering,Caterers & Hotels,Chapati Kurma,Dinner,211,120,91,83.69,25,2025-11-17,Tuesday,false,,false,Rainy,24.5,0.6
7933b384-0fba-5867-9d8c-929b61f2acca,Golden Crust Bakery,Restaurants and Cafes,Chicken Biryani,Rice,99,34,65,179.15,15,2025-11-18,Wednesday,false,,false,Cloudy,25.7,0.46
26fc9b4e-b524-5657-9a97-52821ba0b606,Saravana Bhavan Outlet,Restaurants and Cafes,Office Lunch Tray,Meal,93,42,51,119.12,15,2025-11-19,Thursday,false,,false,Rainy,24.6,0.51
a6ba8fc6-3fbb-5aae-8512-9345e6825dc7,Spice Route Kitchen,Caterers & Hotels,Paneer Fried Rice,Rice,204,108,96,125.12,19,2025-11-20,Friday,false,,false,Cloudy,24.7,0.61
3e0608b2-84e3-5a64-bed8-c98722b6066c,Madurai Meals Hub,Schools & Institutions,Idli Sambar,Breakfast,51,41,10,56.12,2,2025-11-21,Saturday,true,,false,Overcast,24.7,0.76
8faf69d6-0238-50f2-bbe7-1345d3a7c4dd,Grand Celebration Hotel,Weddings and Parties,Biryani Mix Platter,Rice,721,411,310,354.68,60,2025-11-22,Sunday,true,,false,Overcast,27.2,0.75
256ceba6-ddcf-530f-bfa1-c7781a94c5bf,Corporate Catering Solutions,Corporate Offices & Canteens,Bread Pack,Bakery,245,181,64,50.41,11,2025-11-23,Monday,false,,false,Sunny,26.2,0.72
31373466-0755-5d73-a853-9f55038c9929,Royal Events Catering,Caterers & Hotels,Egg Puff,Bakery,233,133,100,32.69,20,2025-11-24,Tuesday,false,,false,Cloudy,25.2,0.57
7933b384-0fba-5867-9d8c-929b61f2acca,Golden Crust Bakery,Restaurants and Cafes,Mutton Curry,Main,70,34,36,281.18,7,2025-11-25,Wednesday,false,,false,Sunny,26.4,0.57
26fc9b4e-b524-5657-9a97-52821ba0b606,Saravana Bhavan Outlet,Restaurants and Cafes,Office Lunch Tray,Meal,105,53,52,120.16,11,2025-11-26,Thursday,false,,false,Overcast,27.1,0.56
a6ba8fc6-3fbb-5aae-8512-9345e6825dc7,Spice Route Kitchen,Caterers & Hotels,Wedding Sweets Mix,Dessert,188,133,55,181.27,10,2025-11-27,Friday,false,,false,Overcast,25.1,0.66
3e0608b2-84e3-5a64-bed8-c98722b6066c,Madurai Meals Hub,Schools & Institutions,Paneer Fried Rice,Rice,98,55,43,128.48,9,2025-11-28,Saturday,true,,false,Cloudy,24.8,0.64
8faf69d6-0238-50f2-bbe7-1345d3a7c4dd,Grand Celebration Hotel,Weddings and Parties,Corporate Buffet Pack,Meal,744,558,186,402.28,35,2025-11-29,Sunday,true,,false,Overcast,26.4,0.79
256ceba6-ddcf-530f-bfa1-c7781a94c5bf,Corporate Catering Solutions,Corporate Offices & Canteens,Corporate Buffet Pack,Meal,181,105,76,399.08,15,2025-11-30,Monday,false,,false,Sunny,25.2,0.62
31373466-0755-5d73-a853-9f55038c9929,Royal Events Catering,Caterers & Hotels,Paneer Fried Rice,Rice,213,104,109,125.99,22,2025-12-01,Tuesday,false,,false,Humid,26.7,0.57
7933b384-0fba-5867-9d8c-929b61f2acca,Golden Crust Bakery,Restaurants and Cafes,Corporate Buffet Pack,Meal,75,40,35,396.3,7,2025-12-02,Wednesday,false,,false,Sunny,25.9,0.58
26fc9b4e-b524-5657-9a97-52821ba0b606,Saravana Bhavan Outlet,Restaurants and Cafes,Veg Noodles,FastFood,90,43,47,108.8,10,2025-12-03,Thursday,false,,false,Cloudy,23.9,0.55
a6ba8fc6-3fbb-5aae-8512-9345e6825dc7,Spice Route Kitchen,Caterers & Hotels,Corporate Buffet Pack,Meal,177,124,53,401.15,9,2025-12-04,Friday,false,,false,Overcast,24.8,0.74
3e0608b2-84e3-5a64-bed8-c98722b6066c,Madurai Meals Hub,Schools & Institutions,Chicken Biryani,Rice,103,58,45,176.1,9,2025-12-05,Saturday,true,,false,Cloudy,25.6,0.68
8faf69d6-0238-50f2-bbe7-1345d3a7c4dd,Grand Celebration Hotel,Weddings and Parties,Wedding Sweets Mix,Dessert,748,516,232,176.61,51,2025-12-06,Sunday,true,,false,Cloudy,24.5,0.64
256ceba6-ddcf-530f-bfa1-c7781a94c5bf,Corporate Catering Solutions,Corporate Offices & Canteens,Corporate Buffet Pack,Meal,201,86,115,402.32,35,2025-12-07,Monday,false,,false,Rainy,24,0.47
31373466-0755-5d73-a853-9f55038c9929,Royal Events Catering,Caterers & Hotels,Tandoori Chicken,Main,245,115,130,246.21,26,2025-12-08,Tuesday,false,,false,Overcast,26.3,0.59
7933b384-0fba-5867-9d8c-929b61f2acca,Golden Crust Bakery,Restaurants and Cafes,Butter Chicken,Main,117,40,77,214.39,17,2025-12-09,Wednesday,false,,false,Cloudy,26.3,0.49
26fc9b4e-b524-5657-9a97-52821ba0b606,Saravana Bhavan Outlet,Restaurants and Cafes,Chicken Biryani,Rice,133,74,59,185.12,11,2025-12-10,Thursday,false,,false,Overcast,27,0.68
a6ba8fc6-3fbb-5aae-8512-9345e6825dc7,Spice Route Kitchen,Caterers & Hotels,Office Lunch Tray,Meal,151,83,68,120.76,13,2025-12-11,Friday,false,,false,Sunny,27.4,0.61
3e0608b2-84e3-5a64-bed8-c98722b6066c,Madurai Meals Hub,Schools & Institutions,Idli Sambar,Breakfast,87,65,22,57.85,5,2025-12-12,Saturday,true,,false,Cloudy,25.3,0.7
8faf69d6-0238-50f2-bbe7-1345d3a7c4dd,Grand Celebration Hotel,Weddings and Parties,Mutton Curry,Main,724,384,340,276.92,77,2025-12-13,Sunday,true,,false,Cloudy,23.7,0.61
256ceba6-ddcf-530f-bfa1-c7781a94c5bf,Corporate Catering Solutions,Corporate Offices & Canteens,Paneer Fried Rice,Rice,235,150,85,123.12,15,2025-12-14,Monday,false,,false,Sunny,25.7,0.72
31373466-0755-5d73-a853-9f55038c9929,Royal Events Catering,Caterers & Hotels,School Meal Set,Meal,256,131,125,80.6,28,2025-12-15,Tuesday,false,,false,Cloudy,25.6,0.49
7933b384-0fba-5867-9d8c-929b61f2acca,Golden Crust Bakery,Restaurants and Cafes,Tandoori Chicken,Main,70,31,39,255.55,8,2025-12-16,Wednesday,false,,false,Overcast,25,0.57
26fc9b4e-b524-5657-9a97-52821ba0b606,Saravana Bhavan Outlet,Restaurants and Cafes,Lemon Rice,Lunch,144,122,22,71.41,4,2025-12-17,Thursday,false,,false,Overcast,25.8,0.75
a6ba8fc6-3fbb-5aae-8512-9345e6825dc7,Spice Route Kitchen,Caterers & Hotels,Curd Rice,Lunch,149,119,30,73.62,5,2025-12-18,Friday,false,,false,Overcast,26.3,0.72
3e0608b2-84e3-5a64-bed8-c98722b6066c,Madurai Meals Hub,Schools & Institutions,Office Lunch Tray,Meal,74,38,36,121.89,11,2025-12-19,Saturday,true,,false,Rainy,25.3,0.57
8faf69d6-0238-50f2-bbe7-1345d3a7c4dd,Grand Celebration Hotel,Weddings and Parties,Butter Chicken,Main,686,466,220,223.19,39,2025-12-20,Sunday,true,,false,Overcast,26,0.83
256ceba6-ddcf-530f-bfa1-c7781a94c5bf,Corporate Catering Solutions,Corporate Offices & Canteens,Tandoori Chicken,Main,215,108,107,244.83,21,2025-12-21,Monday,false,,false,Humid,25.9,0.62
31373466-0755-5d73-a853-9f55038c9929,Royal Events Catering,Caterers & Hotels,Veg Noodles,FastFood,242,97,145,103.95,33,2025-12-22,Tuesday,false,,false,Humid,28.1,0.47
7933b384-0fba-5867-9d8c-929b61f2acca,Golden Crust Bakery,Restaurants and Cafes,Corporate Buffet Pack,Meal,101,48,53,397.4,11,2025-12-23,Wednesday,false,,false,Humid,28.1,0.52
26fc9b4e-b524-5657-9a97-52821ba0b606,Saravana Bhavan Outlet,Restaurants and Cafes,Mutton Curry,Main,97,48,49,274.08,10,2025-12-24,Thursday,false,,false,Overcast,27,0.58
a6ba8fc6-3fbb-5aae-8512-9345e6825dc7,Spice Route Kitchen,Caterers & Hotels,Biryani Mix Platter,Rice,265,146,119,359.4,28,2025-12-25,Friday,false,Christmas,true,Humid,27.2,0.73
3e0608b2-84e3-5a64-bed8-c98722b6066c,Madurai Meals Hub,Schools & Institutions,Vegetable Biryani,Rice,85,43,42,141.29,10,2025-12-26,Saturday,true,,false,Cloudy,24.5,0.6
8faf69d6-0238-50f2-bbe7-1345d3a7c4dd,Grand Celebration Hotel,Weddings and Parties,Idli Sambar,Breakfast,741,571,170,64.44,34,2025-12-27,Sunday,true,,false,Overcast,25.2,0.72
256ceba6-ddcf-530f-bfa1-c7781a94c5bf,Corporate Catering Solutions,Corporate Offices & Canteens,Idli Sambar,Breakfast,197,134,63,58.08,12,2025-12-28,Monday,false,,false,Overcast,25.8,0.63
31373466-0755-5d73-a853-9f55038c9929,Royal Events Catering,Caterers & Hotels,Idli Sambar,Breakfast,272,144,128,61.35,39,2025-12-29,Tuesday,false,,false,Rainy,22.8,0.48
7933b384-0fba-5867-9d8c-929b61f2acca,Golden Crust Bakery,Restaurants and Cafes,Paneer Fried Rice,Rice,98,51,47,126.86,9,2025-12-30,Wednesday,false,,false,Overcast,26.1,0.6
26fc9b4e-b524-5657-9a97-52821ba0b606,Saravana Bhavan Outlet,Restaurants and Cafes,Mutton Curry,Main,107,47,60,278.35,13,2025-12-31,Thursday,false,,false,Overcast,27.4,0.52
a6ba8fc6-3fbb-5aae-8512-9345e6825dc7,Spice Route Kitchen,Caterers & Hotels,School Meal Set,Meal,164,100,64,82.17,13,2026-01-01,Friday,false,,false,Overcast,25.3,0.59
3e0608b2-84e3-5a64-bed8-c98722b6066c,Madurai Meals Hub,Schools & Institutions,Egg Puff,Bakery,76,55,21,35.33,4,2026-01-02,Saturday,true,,false,Cloudy,25.5,0.72
8faf69d6-0238-50f2-bbe7-1345d3a7c4dd,Grand Celebration Hotel,Weddings and Parties,Mutton Curry,Main,687,405,282,277.08,60,2026-01-03,Sunday,true,,false,Overcast,25.2,0.67
256ceba6-ddcf-530f-bfa1-c7781a94c5bf,Corporate Catering Solutions,Corporate Offices & Canteens,Bread Pack,Bakery,229,131,98,48.75,20,2026-01-04,Monday,false,,false,Overcast,25.6,0.55
31373466-0755-5d73-a853-9f55038c9929,Royal Events Catering,Caterers & Hotels,Biryani Mix Platter,Rice,243,80,163,356.21,36,2026-01-05,Tuesday,false,,false,Cloudy,24,0.51
7933b384-0fba-5867-9d8c-929b61f2acca,Golden Crust Bakery,Restaurants and Cafes,Butter Chicken,Main,66,27,39,226.37,8,2026-01-06,Wednesday,false,,false,Overcast,26.5,0.56
26fc9b4e-b524-5657-9a97-52821ba0b606,Saravana Bhavan Outlet,Restaurants and Cafes,Egg Puff,Bakery,147,88,59,28.93,12,2026-01-07,Thursday,false,,false,Overcast,25.6,0.6
a6ba8fc6-3fbb-5aae-8512-9345e6825dc7,Spice Route Kitchen,Caterers & Hotels,School Meal Set,Meal,149,69,80,78.27,19,2026-01-08,Friday,false,,false,Cloudy,23.9,0.44
3e0608b2-84e3-5a64-bed8-c98722b6066c,Madurai Meals Hub,Schools & Institutions,Vegetable Biryani,Rice,51,28,23,141.84,5,2026-01-09,Saturday,true,,false,Humid,27.6,0.64
8faf69d6-0238-50f2-bbe7-1345d3a7c4dd,Grand Celebration Hotel,Weddings and Parties,Veg Noodles,FastFood,742,497,245,112.82,48,2026-01-10,Sunday,true,,false,Sunny,26.9,0.74
256ceba6-ddcf-530f-bfa1-c7781a94c5bf,Corporate Catering Solutions,Corporate Offices & Canteens,Mutton Curry,Main,241,101,140,280.21,42,2026-01-11,Monday,false,,false,Rainy,23.7,0.5
31373466-0755-5d73-a853-9f55038c9929,Royal Events Catering,Caterers & Hotels,School Meal Set,Meal,224,125,99,81.43,21,2026-01-12,Tuesday,false,,false,Sunny,24.7,0.54
7933b384-0fba-5867-9d8c-929b61f2acca,Golden Crust Bakery,Restaurants and Cafes,Chicken Biryani,Rice,105,53,52,175.38,10,2026-01-13,Wednesday,false,,false,Sunny,25.5,0.62
26fc9b4e-b524-5657-9a97-52821ba0b606,Saravana Bhavan Outlet,Restaurants and Cafes,Chapati Kurma,Dinner,151,94,57,92.37,15,2026-01-14,Thursday,false,Pongal,true,Sunny,27.4,0.65
a6ba8fc6-3fbb-5aae-8512-9345e6825dc7,Spice Route Kitchen,Caterers & Hotels,Tandoori Chicken,Main,192,90,102,243.79,20,2026-01-15,Friday,false,,false,Sunny,26.7,0.59
3e0608b2-84e3-5a64-bed8-c98722b6066c,Madurai Meals Hub,Schools & Institutions,Idli Sambar,Breakfast,48,36,12,62.99,2,2026-01-16,Saturday,true,,false,Overcast,26.8,0.69
8faf69d6-0238-50f2-bbe7-1345d3a7c4dd,Grand Celebration Hotel,Weddings and Parties,Lemon Rice,Lunch,745,641,104,64.72,20,2026-01-17,Sunday,true,,false,Sunny,25.5,0.76
256ceba6-ddcf-530f-bfa1-c7781a94c5bf,Corporate Catering Solutions,Corporate Offices & Canteens,Curd Rice,Lunch,195,150,45,78.63,8,2026-01-18,Monday,false,,false,Sunny,26.9,0.69
31373466-0755-5d73-a853-9f55038c9929,Royal Events Catering,Caterers & Hotels,Chicken Biryani,Rice,223,107,116,175.58,23,2026-01-19,Tuesday,false,,false,Sunny,25.3,0.6
7933b384-0fba-5867-9d8c-929b61f2acca,Golden Crust Bakery,Restaurants and Cafes,School Meal Set,Meal,111,58,53,74.41,12,2026-01-20,Wednesday,false,,false,Overcast,27.2,0.5
26fc9b4e-b524-5657-9a97-52821ba0b606,Saravana Bhavan Outlet,Restaurants and Cafes,Corporate Buffet Pack,Meal,143,73,70,401.92,15,2026-01-21,Thursday,false,,false,Cloudy,26.3,0.55
a6ba8fc6-3fbb-5aae-8512-9345e6825dc7,Spice Route Kitchen,Caterers & Hotels,Biryani Mix Platter,Rice,159,56,103,349.24,22,2026-01-22,Friday,false,,false,Sunny,27.2,0.53
3e0608b2-84e3-5a64-bed8-c98722b6066c,Madurai Meals Hub,Schools & Institutions,Chicken Biryani,Rice,75,42,33,180.9,7,2026-01-23,Saturday,true,,false,Overcast,24.8,0.68
8faf69d6-0238-50f2-bbe7-1345d3a7c4dd,Grand Celebration Hotel,Weddings and Parties,Egg Puff,Bakery,691,442,249,37.09,55,2026-01-24,Sunday,true,,false,Sunny,24.8,0.64
256ceba6-ddcf-530f-bfa1-c7781a94c5bf,Corporate Catering Solutions,Corporate Offices & Canteens,Wedding Sweets Mix,Dessert,245,162,83,181.07,16,2026-01-25,Monday,false,,false,Cloudy,23.8,0.61
31373466-0755-5d73-a853-9f55038c9929,Royal Events Catering,Caterers & Hotels,Vegetable Biryani,Rice,250,135,115,143.8,22,2026-01-26,Tuesday,false,,false,Overcast,26.8,0.64
7933b384-0fba-5867-9d8c-929b61f2acca,Golden Crust Bakery,Restaurants and Cafes,Bread Pack,Bakery,72,30,42,51.4,10,2026-01-27,Wednesday,false,,false,Cloudy,26,0.4
26fc9b4e-b524-5657-9a97-52821ba0b606,Saravana Bhavan Outlet,Restaurants and Cafes,Butter Chicken,Main,93,26,67,217.58,21,2026-01-28,Thursday,false,,false,Rainy,24.6,0.43
a6ba8fc6-3fbb-5aae-8512-9345e6825dc7,Spice Route Kitchen,Caterers & Hotels,Lemon Rice,Lunch,149,92,57,68.6,12,2026-01-29,Friday,false,,false,Cloudy,25.1,0.52
3e0608b2-84e3-5a64-bed8-c98722b6066c,Madurai Meals Hub,Schools & Institutions,Paneer Fried Rice,Rice,87,58,29,125.75,6,2026-01-30,Saturday,true,,false,Sunny,26.3,0.75
8faf69d6-0238-50f2-bbe7-1345d3a7c4dd,Grand Celebration Hotel,Weddings and Parties,Lemon Rice,Lunch,719,503,216,73.77,67,2026-01-31,Sunday,true,,false,Rainy,26.8,0.6
256ceba6-ddcf-530f-bfa1-c7781a94c5bf,Corporate Catering Solutions,Corporate Offices & Canteens,School Meal Set,Meal,239,165,74,83.66,14,2026-02-01,Monday,false,,false,Overcast,28.1,0.67
31373466-0755-5d73-a853-9f55038c9929,Royal Events Catering,Caterers & Hotels,Curd Rice,Lunch,271,203,68,80.86,12,2026-02-02,Tuesday,false,,false,Sunny,29.7,0.67
7933b384-0fba-5867-9d8c-929b61f2acca,Golden Crust Bakery,Restaurants and Cafes,Idli Sambar,Breakfast,64,29,35,58.33,8,2026-02-03,Wednesday,false,,false,Humid,31.3,0.41
26fc9b4e-b524-5657-9a97-52821ba0b606,Saravana Bhavan Outlet,Restaurants and Cafes,Idli Sambar,Breakfast,137,90,47,56.54,9,2026-02-04,Thursday,false,,false,Sunny,28.7,0.61
a6ba8fc6-3fbb-5aae-8512-9345e6825dc7,Spice Route Kitchen,Caterers & Hotels,Paneer Fried Rice,Rice,176,81,95,136.39,20,2026-02-05,Friday,false,,false,Overcast,30.4,0.54
3e0608b2-84e3-5a64-bed8-c98722b6066c,Madurai Meals Hub,Schools & Institutions,Idli Sambar,Breakfast,84,60,24,53,5,2026-02-06,Saturday,true,,false,Sunny,27.7,0.67
8faf69d6-0238-50f2-bbe7-1345d3a7c4dd,Grand Celebration Hotel,Weddings and Parties,School Meal Set,Meal,685,363,322,75.73,106,2026-02-07,Sunday,true,,false,Rainy,28.3,0.51
256ceba6-ddcf-530f-bfa1-c7781a94c5bf,Corporate Catering Solutions,Corporate Offices & Canteens,Biryani Mix Platter,Rice,242,58,184,345.71,44,2026-02-08,Monday,false,,false,Humid,31.1,0.42
31373466-0755-5d73-a853-9f55038c9929,Royal Events Catering,Caterers & Hotels,Wedding Sweets Mix,Dessert,212,110,102,180.17,23,2026-02-09,Tuesday,false,,false,Humid,29.5,0.47
7933b384-0fba-5867-9d8c-929b61f2acca,Golden Crust Bakery,Restaurants and Cafes,Wedding Sweets Mix,Dessert,61,33,28,177.76,6,2026-02-10,Wednesday,false,,false,Cloudy,28.9,0.49
26fc9b4e-b524-5657-9a97-52821ba0b606,Saravana Bhavan Outlet,Restaurants and Cafes,Paneer Fried Rice,Rice,120,53,67,127.94,14,2026-02-11,Thursday,false,,false,Cloudy,28.2,0.52
a6ba8fc6-3fbb-5aae-8512-9345e6825dc7,Spice Route Kitchen,Caterers & Hotels,Mutton Curry,Main,181,92,89,281.77,18,2026-02-12,Friday,false,,false,Sunny,29.4,0.59
3e0608b2-84e3-5a64-bed8-c98722b6066c,Madurai Meals Hub,Schools & Institutions,Lemon Rice,Lunch,51,42,9,76.72,2,2026-02-13,Saturday,true,,false,Cloudy,26.8,0.72
8faf69d6-0238-50f2-bbe7-1345d3a7c4dd,Grand Celebration Hotel,Weddings and Parties,Mutton Curry,Main,699,315,384,282.54,124,2026-02-14,Sunday,true,,false,Rainy,28.4,0.53
256ceba6-ddcf-530f-bfa1-c7781a94c5bf,Corporate Catering Solutions,Corporate Offices & Canteens,School Meal Set,Meal,239,170,69,80.24,12,2026-02-15,Monday,false,,false,Sunny,28.2,0.69
31373466-0755-5d73-a853-9f55038c9929,Royal Events Catering,Caterers & Hotels,Lemon Rice,Lunch,204,92,112,71.56,37,2026-02-16,Tuesday,false,,false,Rainy,27.1,0.35
7933b384-0fba-5867-9d8c-929b61f2acca,Golden Crust Bakery,Restaurants and Cafes,Tandoori Chicken,Main,75,32,43,243.63,9,2026-02-17,Wednesday,false,,false,Cloudy,27.7,0.55
26fc9b4e-b524-5657-9a97-52821ba0b606,Saravana Bhavan Outlet,Restaurants and Cafes,School Meal Set,Meal,115,69,46,85.35,9,2026-02-18,Thursday,false,,false,Cloudy,27.7,0.58
a6ba8fc6-3fbb-5aae-8512-9345e6825dc7,Spice Route Kitchen,Caterers & Hotels,Egg Puff,Bakery,148,65,83,35.93,19,2026-02-19,Friday,false,,false,Cloudy,28,0.44
3e0608b2-84e3-5a64-bed8-c98722b6066c,Madurai Meals Hub,Schools & Institutions,Idli Sambar,Breakfast,39,28,11,59.34,2,2026-02-20,Saturday,true,,false,Cloudy,27.1,0.66
8faf69d6-0238-50f2-bbe7-1345d3a7c4dd,Grand Celebration Hotel,Weddings and Parties,Butter Chicken,Main,744,357,387,219.21,86,2026-02-21,Sunday,true,,false,Cloudy,29.3,0.63
256ceba6-ddcf-530f-bfa1-c7781a94c5bf,Corporate Catering Solutions,Corporate Offices & Canteens,Biryani Mix Platter,Rice,213,92,121,343.59,24,2026-02-22,Monday,false,,false,Cloudy,26.9,0.61
31373466-0755-5d73-a853-9f55038c9929,Royal Events Catering,Caterers & Hotels,Office Lunch Tray,Meal,208,75,133,114.34,42,2026-02-23,Tuesday,false,,false,Rainy,27.7,0.42
7933b384-0fba-5867-9d8c-929b61f2acca,Golden Crust Bakery,Restaurants and Cafes,Mutton Curry,Main,103,51,52,281.04,11,2026-02-24,Wednesday,false,,false,Cloudy,27.7,0.58
26fc9b4e-b524-5657-9a97-52821ba0b606,Saravana Bhavan Outlet,Restaurants and Cafes,Biryani Mix Platter,Rice,148,41,107,348.69,24,2026-02-25,Thursday,false,,false,Humid,28.6,0.46
a6ba8fc6-3fbb-5aae-8512-9345e6825dc7,Spice Route Kitchen,Caterers & Hotels,Tandoori Chicken,Main,193,89,104,248.58,21,2026-02-26,Friday,false,,false,Sunny,28.4,0.58
3e0608b2-84e3-5a64-bed8-c98722b6066c,Madurai Meals Hub,Schools & Institutions,Egg Puff,Bakery,67,39,28,41.19,7,2026-02-27,Saturday,true,,false,Humid,29.2,0.58
8faf69d6-0238-50f2-bbe7-1345d3a7c4dd,Grand Celebration Hotel,Weddings and Parties,Paneer Fried Rice,Rice,744,446,298,135.54,63,2026-02-28,Sunday,true,,false,Sunny,30.4,0.68
256ceba6-ddcf-530f-bfa1-c7781a94c5bf,Corporate Catering Solutions,Corporate Offices & Canteens,Wedding Sweets Mix,Dessert,219,134,85,177.69,18,2026-03-01,Monday,false,,false,Sunny,29.2,0.56
31373466-0755-5d73-a853-9f55038c9929,Royal Events Catering,Caterers & Hotels,Paneer Fried Rice,Rice,231,136,95,134.42,17,2026-03-02,Tuesday,false,,false,Sunny,27.6,0.67
7933b384-0fba-5867-9d8c-929b61f2acca,Golden Crust Bakery,Restaurants and Cafes,Chapati Kurma,Dinner,123,48,75,87.87,24,2026-03-03,Wednesday,false,,false,Rainy,26.5,0.42
26fc9b4e-b524-5657-9a97-52821ba0b606,Saravana Bhavan Outlet,Restaurants and Cafes,Corporate Buffet Pack,Meal,152,52,100,397.85,33,2026-03-04,Thursday,false,,false,Rainy,27.1,0.38
a6ba8fc6-3fbb-5aae-8512-9345e6825dc7,Spice Route Kitchen,Caterers & Hotels,Tandoori Chicken,Main,180,77,103,247.86,22,2026-03-05,Friday,false,,false,Humid,29,0.55
3e0608b2-84e3-5a64-bed8-c98722b6066c,Madurai Meals Hub,Schools & Institutions,Bread Pack,Bakery,72,53,19,50.38,4,2026-03-06,Saturday,true,,false,Overcast,29.4,0.71
8faf69d6-0238-50f2-bbe7-1345d3a7c4dd,Grand Celebration Hotel,Weddings and Parties,Wedding Sweets Mix,Dessert,687,563,124,175.58,24,2026-03-07,Sunday,true,,false,Overcast,29.2,0.77
256ceba6-ddcf-530f-bfa1-c7781a94c5bf,Corporate Catering Solutions,Corporate Offices & Canteens,Butter Chicken,Main,235,89,146,221.37,31,2026-03-08,Monday,false,,false,Humid,30.3,0.53
31373466-0755-5d73-a853-9f55038c9929,Royal Events Catering,Caterers & Hotels,Chicken Biryani,Rice,249,125,124,173.95,24,2026-03-09,Tuesday,false,,false,Overcast,29.9,0.62
7933b384-0fba-5867-9d8c-929b61f2acca,Golden Crust Bakery,Restaurants and Cafes,Corporate Buffet Pack,Meal,73,40,33,400.42,7,2026-03-10,Wednesday,false,,false,Overcast,29.2,0.59
26fc9b4e-b524-5657-9a97-52821ba0b606,Saravana Bhavan Outlet,Restaurants and Cafes,Corporate Buffet Pack,Meal,141,75,66,393.44,14,2026-03-11,Thursday,false,,false,Overcast,28.2,0.57
a6ba8fc6-3fbb-5aae-8512-9345e6825dc7,Spice Route Kitchen,Caterers & Hotels,Lemon Rice,Lunch,153,109,44,70.53,9,2026-03-12,Friday,false,,false,Sunny,29.8,0.61
3e0608b2-84e3-5a64-bed8-c98722b6066c,Madurai Meals Hub,Schools & Institutions,Lemon Rice,Lunch,80,64,16,63.75,3,2026-03-13,Saturday,true,,false,Overcast,30,0.7
8faf69d6-0238-50f2-bbe7-1345d3a7c4dd,Grand Celebration Hotel,Weddings and Parties,Mutton Curry,Main,743,401,342,280.79,76,2026-03-14,Sunday,true,,false,Sunny,27.9,0.62
256ceba6-ddcf-530f-bfa1-c7781a94c5bf,Corporate Catering Solutions,Corporate Offices & Canteens,Wedding Sweets Mix,Dessert,209,140,69,180.81,13,2026-03-15,Monday,false,,false,Overcast,29.1,0.62
31373466-0755-5d73-a853-9f55038c9929,Royal Events Catering,Caterers & Hotels,Mutton Curry,Main,260,91,169,278.01,53,2026-03-16,Tuesday,false,,false,Rainy,26.9,0.43
7933b384-0fba-5867-9d8c-929b61f2acca,Golden Crust Bakery,Restaurants and Cafes,Corporate Buffet Pack,Meal,88,32,56,397.78,14,2026-03-17,Wednesday,false,,false,Humid,30.4,0.4
26fc9b4e-b524-5657-9a97-52821ba0b606,Saravana Bhavan Outlet,Restaurants and Cafes,Lemon Rice,Lunch,95,54,41,75.22,9,2026-03-18,Thursday,false,,false,Cloudy,28.5,0.47
a6ba8fc6-3fbb-5aae-8512-9345e6825dc7,Spice Route Kitchen,Caterers & Hotels,Vegetable Biryani,Rice,140,70,70,139.33,14,2026-03-19,Friday,false,,false,Cloudy,27.7,0.6
3e0608b2-84e3-5a64-bed8-c98722b6066c,Madurai Meals Hub,Schools & Institutions,Chapati Kurma,Dinner,94,52,42,96.06,13,2026-03-20,Saturday,true,,false,Rainy,26.6,0.58
8faf69d6-0238-50f2-bbe7-1345d3a7c4dd,Grand Celebration Hotel,Weddings and Parties,Idli Sambar,Breakfast,707,502,205,64.88,44,2026-03-21,Sunday,true,,false,Humid,28.6,0.66
256ceba6-ddcf-530f-bfa1-c7781a94c5bf,Corporate Catering Solutions,Corporate Offices & Canteens,Vegetable Biryani,Rice,211,99,112,144.71,23,2026-03-22,Monday,false,,false,Sunny,30.2,0.57
31373466-0755-5d73-a853-9f55038c9929,Royal Events Catering,Caterers & Hotels,Mutton Curry,Main,224,105,119,286.87,25,2026-03-23,Tuesday,false,,false,Sunny,29.3,0.55
7933b384-0fba-5867-9d8c-929b61f2acca,Golden Crust Bakery,Restaurants and Cafes,Egg Puff,Bakery,83,40,43,40.39,10,2026-03-24,Wednesday,false,,false,Humid,30.7,0.48
26fc9b4e-b524-5657-9a97-52821ba0b606,Saravana Bhavan Outlet,Restaurants and Cafes,Bread Pack,Bakery,83,37,46,49.53,11,2026-03-25,Thursday,false,,false,Humid,30.9,0.43
a6ba8fc6-3fbb-5aae-8512-9345e6825dc7,Spice Route Kitchen,Caterers & Hotels,School Meal Set,Meal,205,107,98,86.86,29,2026-03-26,Friday,false,,false,Rainy,27.8,0.5
3e0608b2-84e3-5a64-bed8-c98722b6066c,Madurai Meals Hub,Schools & Institutions,Paneer Fried Rice,Rice,101,67,34,126.94,7,2026-03-27,Saturday,true,,false,Cloudy,28.7,0.74
8faf69d6-0238-50f2-bbe7-1345d3a7c4dd,Grand Celebration Hotel,Weddings and Parties,Butter Chicken,Main,722,274,448,216.7,109,2026-03-28,Sunday,true,,false,Humid,29.7,0.53
256ceba6-ddcf-530f-bfa1-c7781a94c5bf,Corporate Catering Solutions,Corporate Offices & Canteens,Curd Rice,Lunch,199,117,82,80.84,18,2026-03-29,Monday,false,,false,Overcast,29,0.51
31373466-0755-5d73-a853-9f55038c9929,Royal Events Catering,Caterers & Hotels,School Meal Set,Meal,271,173,98,80.68,19,2026-03-30,Tuesday,false,,false,Sunny,28.1,0.62
7933b384-0fba-5867-9d8c-929b61f2acca,Golden Crust Bakery,Restaurants and Cafes,Tandoori Chicken,Main,66,23,43,243.36,10,2026-03-31,Wednesday,false,,false,Humid,31.3,0.47
26fc9b4e-b524-5657-9a97-52821ba0b606,Saravana Bhavan Outlet,Restaurants and Cafes,Vegetable Biryani,Rice,102,29,73,136.16,18,2026-04-01,Thursday,false,,false,Humid,31.9,0.38
a6ba8fc6-3fbb-5aae-8512-9345e6825dc7,Spice Route Kitchen,Caterers & Hotels,Veg Noodles,FastFood,151,66,85,106.94,19,2026-04-02,Friday,false,,false,Sunny,31.7,0.51
3e0608b2-84e3-5a64-bed8-c98722b6066c,Madurai Meals Hub,Schools & Institutions,Veg Noodles,FastFood,54,25,29,114.89,7,2026-04-03,Saturday,true,,false,Humid,31.7,0.53
8faf69d6-0238-50f2-bbe7-1345d3a7c4dd,Grand Celebration Hotel,Weddings and Parties,Corporate Buffet Pack,Meal,699,426,273,405.34,59,2026-04-04,Sunday,true,,false,Sunny,30.8,0.65
256ceba6-ddcf-530f-bfa1-c7781a94c5bf,Corporate Catering Solutions,Corporate Offices & Canteens,Office Lunch Tray,Meal,196,98,98,123.94,20,2026-04-05,Monday,false,,false,Sunny,32,0.56
31373466-0755-5d73-a853-9f55038c9929,Royal Events Catering,Caterers & Hotels,Office Lunch Tray,Meal,269,135,134,126.53,28,2026-04-06,Tuesday,false,,false,Cloudy,30.6,0.56
7933b384-0fba-5867-9d8c-929b61f2acca,Golden Crust Bakery,Restaurants and Cafes,Curd Rice,Lunch,73,34,39,78.12,10,2026-04-07,Wednesday,false,,false,Humid,33.4,0.38
26fc9b4e-b524-5657-9a97-52821ba0b606,Saravana Bhavan Outlet,Restaurants and Cafes,Chicken Biryani,Rice,115,46,69,182.85,15,2026-04-08,Thursday,false,,false,Sunny,31,0.52
a6ba8fc6-3fbb-5aae-8512-9345e6825dc7,Spice Route Kitchen,Caterers & Hotels,Mutton Curry,Main,140,57,83,280.23,18,2026-04-09,Friday,false,,false,Overcast,32.3,0.49
3e0608b2-84e3-5a64-bed8-c98722b6066c,Madurai Meals Hub,Schools & Institutions,Vegetable Biryani,Rice,68,27,41,146,10,2026-04-10,Saturday,true,,false,Humid,31,0.49
8faf69d6-0238-50f2-bbe7-1345d3a7c4dd,Grand Celebration Hotel,Weddings and Parties,Mutton Curry,Main,682,368,314,273.43,70,2026-04-11,Sunday,true,,false,Cloudy,28.9,0.62
256ceba6-ddcf-530f-bfa1-c7781a94c5bf,Corporate Catering Solutions,Corporate Offices & Canteens,Corporate Buffet Pack,Meal,204,84,120,406.57,28,2026-04-12,Monday,false,,false,Overcast,31.7,0.45
31373466-0755-5d73-a853-9f55038c9929,Royal Events Catering,Caterers & Hotels,Tandoori Chicken,Main,206,72,134,254.23,30,2026-04-13,Tuesday,false,,false,Overcast,31.8,0.47
7933b384-0fba-5867-9d8c-929b61f2acca,Golden Crust Bakery,Restaurants and Cafes,Veg Noodles,FastFood,106,46,60,114.95,13,2026-04-14,Wednesday,false,,false,Cloudy,31.5,0.5